{
  "task_type": "multiclass",
  "best_params": {
    "model__C": 0.1
  },
  "validation": {
    "f1": 0.4030748337839394,
    "precision": 0.40692004074357013,
    "recall": 0.4511137897782064,
    "confusion_matrix": [
      [
        46,
        7,
        3,
        3,
        2
      ],
      [
        4,
        18,
        7,
        5,
        6
      ],
      [
        0,
        3,
        3,
        5,
        6
      ],
      [
        1,
        5,
        4,
        6,
        0
      ],
      [
        0,
        0,
        0,
        2,
        2
      ]
    ],
    "roc_auc_ovr_macro": 0.788195079346935
  },
  "test": {
    "f1": 0.3711748120300752,
    "precision": 0.37898614090084143,
    "recall": 0.4198387096774193,
    "confusion_matrix": [
      [
        48,
        7,
        5,
        1,
        1
      ],
      [
        9,
        13,
        8,
        7,
        3
      ],
      [
        0,
        2,
        4,
        7,
        3
      ],
      [
        1,
        2,
        3,
        4,
        6
      ],
      [
        0,
        0,
        2,
        0,
        2
      ]
    ],
    "roc_auc_ovr_macro": 0.7874427650453744
  },
  "dataset_rows": 920,
  "rows_used": 920
}